{"status":"done","publicPath":"/static/bundles/","chunks":{"main":[{"name":"js/main.60f503ef.js","publicPath":"/static/bundles/js/main.60f503ef.js","path":"C:\\Users\\ANNA-PC\\Desktop\\django_react_boilerplate\\backend\\assets\\bundles\\js\\main.60f503ef.js"},{"name":"css/main.c17080f1.css","publicPath":"/static/bundles/css/main.c17080f1.css","path":"C:\\Users\\ANNA-PC\\Desktop\\django_react_boilerplate\\backend\\assets\\bundles\\css\\main.c17080f1.css"},{"name":"js/main.60f503ef.js.map","publicPath":"/static/bundles/js/main.60f503ef.js.map","path":"C:\\Users\\ANNA-PC\\Desktop\\django_react_boilerplate\\backend\\assets\\bundles\\js\\main.60f503ef.js.map"},{"name":"css/main.c17080f1.css.map","publicPath":"/static/bundles/css/main.c17080f1.css.map","path":"C:\\Users\\ANNA-PC\\Desktop\\django_react_boilerplate\\backend\\assets\\bundles\\css\\main.c17080f1.css.map"}]}}